id,label,precisions,weight,lat,lon,descriptions,image,origine
001p,Arbre à gomme,Eucommia ulmoides,2,48.85780390697412, 2.3957407859010877,Essence originaire de Chine l’arbre à gomme est l'unique représentant de la famille des Eucommiacées. Il fut introduit en Angleterre vers 1880 par Augustine Henry sinologue irlandais passionné d’horticulture puis en France en 1896. C’est le seul arbre à latex des régions tempérées. Les feuilles de texture coriace et brillante tombent encore vertes à l’automne. Déchirées délicatement elles étirent des filaments de gomme. Sonia Yassa / Ville de Paris,https://capgeo.sig.paris.fr/PdfEtImages/ArbresRemarquables/Photos2023/1/107696.jpg,Chine
002p,Arbre aux pochettes d'argent,Davidia involucrata,1,48.87312252412982, 2.24876777630942,Originaire de Chine le Davidia appartient à la famille des Nyssacées. Aussi appelé « arbre aux Mouchoirs » l'apparence qu'il prend à la floraison est unique avec ses larges paires de bractées blanches et ses fleurs pendantes. Cette espèce fut découverte en 1869 par le père Armand David missionnaire et naturaliste français. Les spécimens qu'il envoya à Paris furent classés en tant que genre sous un nom latin inspiré du sien. Sonia Yassa / Ville de Paris,https://capgeo.sig.paris.fr/PdfEtImages/ArbresRemarquables/Photos2023/1/2002355.jpg,Chine
003p,Arbre aux quarante écus,Ginkgo biloba,8,48.82295102398932, 2.3374722492459696,Le ginkgo est une essence originaire de Chine appartenant à la famille des Ginkgoacées. Des restes fossilisés ont permis d'établir que le genre Gingko est apparu au début du jurassique il y a plus de 200 millions d’années. Fait surprenant le ginkgo n’a quasiment pas évolué depuis. À l’automne son feuillage aux couleurs d’or est un véritable émerveillement. Sonia Yassa / Ville de Paris,https://capgeo.sig.paris.fr/PdfEtImages/ArbresRemarquables/Photos2023/1/2002368.jpg,Chine
004p,Aulne à feuilles en cœur,Alnus cordata,1,48.842820740868255, 2.297287282933029,Originaire du sud de l'Europe l'aulne à feuilles en cœur appartient à la famille des Bétulacées. Apprécié pour ses qualités ornementales il est peu exigeant sur la qualité des sols et de croissance rapide. Son nom vernaculaire vient évidemment de ses feuilles cordiformes (en forme de cœur). Clément Dorval / Ville de Paris,https://capgeo.sig.paris.fr/PdfEtImages/ArbresRemarquables/Photos2023/1/111640.jpg,Corse
005p,Bouleau noir,Betula nigra,1,48.84778224739848, 2.2537228817251775,Les bouleaux appartiennent à la famille des Bétulacées. Assez commun en bord de rivière cette espèce est originale au niveau de l'aspect de son écorce très délicate et de couleur blanc nacré. Clément Dorval / Ville de Paris,https://capgeo.sig.paris.fr/PdfEtImages/ArbresRemarquables/Photos2023/1/136460.jpg,Corse
006p,Catalpa commun,Catalpa bignonioides,1,48.87408216637905, 2.2591649767628947,Le genre Catalpa appartient à la famille des Bignoniacées. C'est une essence originaire d'Asie. Tous les catalpas possèdent de très larges feuilles. Leur floraison blanche s'épanouit en été pour former ensuite de longues gousses semblables à de grands haricots. Les catalpas sont appréciés pour leur développement rapide et leur port large et majestueux lorsque les sujets vieillissent. Sonia Yassa / Ville de Paris,https://capgeo.sig.paris.fr/PdfEtImages/ArbresRemarquables/Photos2023/1/2009236.jpg,USA
007p,Catalpa du Nord,Catalpa speciosa 'Pulverulenta',1,48.84758185001984, 2.2532779021891103,Le genre Catalpa appartient à la famille des Bignoniacées. Cette essence est originaire des Étas-Unis. Tous les catalpas possèdent de très larges feuilles. Leur floraison blanche s'épanouit en été pour former ensuite de longues gousses semblables à de grands haricots. Les catalpas sont appréciés pour leur développement rapide et leur port large et majestueux lorsque les sujets vieillissent. Clément Dorval / Ville de Paris,https://capgeo.sig.paris.fr/PdfEtImages/ArbresRemarquables/Photos2023/1/136448.jpg,USA
008p,Cèdre à encens,Calocedrus decurrens,2,48.84087770055659, 2.3921128567976853,Le cèdre à encens ou calocèdre est une essence originaire d’Amérique du Nord appartenant à la famille des Cupressacées. Cet arbre au port colonnaire remarquable est un véritable obélisque végétal. Il est appelé cèdre à encens en raison de son écorce d’une jolie teinte brun rouge qui peut être brûlée comme encens. Il pousse au sein de l’écrin de verdure de l’ancienne gare de Reuilly devenue jardin en 1995 après l’arrêt de l’activité ferroviaire en 1985. Clément Dorval / Ville de Paris,https://capgeo.sig.paris.fr/PdfEtImages/ArbresRemarquables/Photos2023/1/125236.jpg,Liban
009p,Cèdre bleu du Liban,Cedrus libani subsp. atlantica 'Glauca',2,48.85437944639592, 2.2986297357649716,Le cèdre du Liban est une essence originaire du Moyen-Orient appartenant à la famille des Pinacées. Véritable sculpture végétale aux grandes branches étalées sa ramure remarquable apporte de l’ombre et attire le regard. « Les cèdres du Liban sont les reliques des siècles et de la nature les monuments naturels les plus célèbres de l’univers […] » disait Alphonse de Lamartine. Sonia Yassa / Ville de Paris,https://capgeo.sig.paris.fr/PdfEtImages/ArbresRemarquables/Photos2023/1/106913.jpg,Liban
010p,Cèdre du Liban,Cedrus libani,6,48.863390731261134, 2.2404811309796577,Le cèdre du Liban est une essence originaire du Moyen-Orient appartenant à la famille des Pinacées. Véritable sculpture végétale aux grandes branches étalées sa ramure remarquable apporte de l’ombre et attire le regard. « Les cèdres du Liban sont les reliques des siècles et de la nature les monuments naturels les plus célèbres de l’univers […] » disait Alphonse de Lamartine. Inconnu,https://capgeo.sig.paris.fr/PdfEtImages/ArbresRemarquables/Photos2023/1/123805.jpg,Chine
011p,Cédrèle de Chine,Toona sinensis,1,48.89335545445399, 2.3468204796812233,Originaire d'Asie le cédrèle de Chine appartient à la famille des Méliacées. Cette essence est exploitée en production forestière pour son bois précieux résistant à la pourriture et aux insectes xylophages (termite etc.). Il plait également en arbre d'ornement en raison de son joli feuillage découpé et de son écorce profondément rainurée. Sonia Yassa / Ville de Paris,https://capgeo.sig.paris.fr/PdfEtImages/ArbresRemarquables/Photos2023/1/120016.jpg,Turquie
012p,Chêne chevelu,Quercus cerris,2,48.83302104044913, 2.3499176091321226,Les chênes qui se déclinent en de nombreuses espèces et variétés appartiennent à la famille des Fagacées. Le chêne chevelu est particulièrement apprécié pour sa bonne adaptation aux conditions urbaines. Le caractère chevelu provient de l'aspect de ses glands qui présentent une jolie enveloppe hérissée de longues écailles recourbées. Clément Dorval / Ville de Paris,https://capgeo.sig.paris.fr/PdfEtImages/ArbresRemarquables/Photos2023/1/2017817.jpg,Hongrie
013p,Chêne de Hongrie,Quercus frainetto,2,48.83881631672055, 2.4065668582736595,Le chêne de Hongrie est une essence originaire du sud et sud-est de l’Europe des Balkans et d’Asie Mineure appartenant à la famille des Fagacées. Cette essence se caractérise par sa croissance lente produisant un bois dur et dense dont la longévité en fait un arbre remarquable. C’est à seulement quelques kilomètres de ce sujet dans la forêt de Vincennes que Saint Louis écoutait au XIIIe  les doléances de ses sujets et rendait justice sous un chêne. Romain Duflos / Ville de Paris,https://capgeo.sig.paris.fr/PdfEtImages/ArbresRemarquables/Photos2023/1/123156.jpg,Portugal
014p,Chêne liège,Quercus suber subsp. Occidentalis,1,48.84716612498836, 2.25292826534423,"Le chêne, du genre Quercus, regroupe plus de 400 espèces appartenant à la famille des Fagacées. Le chêne-liège est une espèce de chêne à petites feuilles persistantes. Son écorce épaisse, dont on produit le liège, est l'une des plus concentrées en subérine pure ; une substance cireuse qui le rend très efficace contre les feux de forêt. L’écorce constitue en effet un excellent isolant qui empêche le feu d’atteindre la partie vivante de l’arbre. Clément Dorval / Ville de Paris",https://capgeo.sig.paris.fr/PdfEtImages/ArbresRemarquables/Photos2023/1/136338.jpg,France
015p,Chêne pédonculé,Quercus robur,2,48.83417403143496, 2.461320616442216,Les chênes appartiennent à la famille des Fagacées. Le genre des chênes regroupe plus de 400 espèces  pour la plupart à feuilles persistantes. Le chêne pédonculé est très répandu en France et en Allemagne où l'on gère des « chênaies » (forêts constituées en totalité ou en majorité de chênes) sur le long terme afin d'en exploiter le bois. Clément Dorval / Ville de Paris,https://capgeo.sig.paris.fr/PdfEtImages/ArbresRemarquables/Photos2023/1/2002376.jpg,France
016p,Chêne vert,Quercus ilex,4,48.84656522855311, 2.2524200093560425,Le chêne vert est une essence originaire du pourtour méditerranéen appartenant à la famille des Fagacées. Bien adapté au climat urbain parisien il figure de plus en plus dans les alignements des avenues ainsi que dans les parcs. Le vent assure la pollinisation de ses fleurs discrètes qui apparaissent en avril-mai et produisent de nombreux glands à l’automne. Sonia Yassa / Ville de Paris,https://capgeo.sig.paris.fr/PdfEtImages/ArbresRemarquables/Photos2023/1/2002385.jpg,Canada
017p,Chicot du Canada,Gymnocladus dioica 'Variegata',2,48.8615163413308, 2.3990659845340123,Rare en France cette essence originaire d’Amérique du Nord appartient à la famille des Fabacées. Ses branches noueuses et défeuillées plus de la moitié de l’année lui donnent l’aspect d’un arbre mort. En juin l’arbre se couvre de petites fleurs étoilées blanches puis de grosses gousses pendantes. Ses feuilles estivales peuvent atteindre plus d’un mètre de long. Clément Dorval / Ville de Paris,https://capgeo.sig.paris.fr/PdfEtImages/ArbresRemarquables/Photos2023/1/139108.jpg,Japon
018p,Cryptomère du Japon,Cryptomeria japonica,1,48.831216574809346, 2.4116774009977107,Également nommé cèdre du Japon dont il est l'arbre national cette essence appartient à la famille des Cupressacées. Introduit en France à partir de 1842 comme essence d'ornement son utilisation forestière s'est développée dans les années 1970-1980. En France il peut atteindre 30 à 40 mètres de hauteur. Son écorce rouge-brun pèle en longues bandes verticales. Son bois parfumé de couleur rose-rouge  est imputrescible et résistant à la décomposition. Clément Dorval / Ville de Paris,https://capgeo.sig.paris.fr/PdfEtImages/ArbresRemarquables/Photos2023/1/2002359.jpg,USA
019p,Cyprès chauve,Taxodium distichum,4,48.86326316465342, 2.2407247706019686,"Le cyprès chauve appartient à la famille des Cupressacées. Il tient son nom du phénomène de « décurtation » qui, en hiver, fait naturellement chuter ses rameaux les plus jeunes. À l’automne, ses feuilles déclinent une palette de couleurs spectaculaires ; du jaune d’or au brun-rouge. Le cyprès chauve a une caractéristique remarquable : ses pneumatophores ; des excroissances rigides qui poussent vers le haut depuis les racines pour capter l’oxygène et fixer l’arbre. Clément Dorval / Ville de Paris",https://capgeo.sig.paris.fr/PdfEtImages/ArbresRemarquables/Photos2023/1/2002363.jpg,Chili
020p,Désespoir des singes,Araucaria araucana,1,48.871660039793895, 2.250432980599612,Les araucarias appartiennent à la famille des Araucariacées. Le genre doit son nom à la région d'Araucanie au Chili dont sont originaires deux espèces du genre. L'araucaria est également nommé « pin du Chili ». En Europe l’arbre est appelé « désespoir des singes » en raison de ses branches recouvertes d'écailles coriaces et piquantes. L'araucaria existe depuis des millions d'années. Des restes fossilisés indiquent qu'au Mésozoïque il abondait dans l'hémisphère sud. Sonia Yassa / Ville de Paris,https://capgeo.sig.paris.fr/PdfEtImages/ArbresRemarquables/Photos2023/1/2002353.jpg,Italie
021p,Érable à feuilles d'obier,Acer opalus,1,48.83037460319331, 2.413492823927373,Les érables appartiennent à la famille des Sapindacées. Le genre Acer comprend 120 espèces réparties en majorité dans les régions tempérées de l'hémisphère Nord. Donné par le naturaliste suédois Carl von Linné le nom de genre Acer signifie « dur » en latin et se rapporte aux propriétés du bois. L'érable est particulièrement mellifère : ses fleurs regorgent de nectar et de pollen qui attirent les abeilles en nombre. Sonia Yassa / Ville de Paris,https://capgeo.sig.paris.fr/PdfEtImages/ArbresRemarquables/Photos2023/1/2002358.jpg,USA
022p,Érable argenté,Acer saccharinum,1,48.84278366994572, 2.2968613367111588,Les érables appartiennent à la famille des Sapindacées. Le genre Acer comprend 120 espèces réparties en majorité dans les régions tempérées de l'hémisphère Nord. L'érable symbolise le Canada et sa sève riche en sucre procure un délicieux sirop. L’automne colore son feuillage d’un rouge flamboyant. Sonia Yassa / Ville de Paris,https://capgeo.sig.paris.fr/PdfEtImages/ArbresRemarquables/Photos2023/1/111642.jpg,Géorgie
023p,Érable de Cappadoce,Acer cappadocicum,1,48.84094206801011, 2.4641321193579624,Les érables appartiennent à la famille des Sapindacées. Le genre Acer comprend 120 espèces réparties en majorité dans les régions tempérées de l'hémisphère Nord. Donné par le naturaliste suédois Carl von Linné le nom de genre Acer signifie « dur » en latin et se rapporte aux propriétés du bois. L'érable est particulièrement mellifère : ses fleurs regorgent de nectar et de pollen qui attirent les abeilles en nombre. Clément Dorval / Ville de Paris,https://capgeo.sig.paris.fr/PdfEtImages/ArbresRemarquables/Photos2023/1/2002378.jpg,France
024p,Erable de Montpellier,Acer monspessulanum,2,48.8462426877782, 2.2513754114123214,L’érable de Montpellier est une essence originaire d’Europe méridionale appartenant à la famille des Sapindacées. Cette essence est identifiable à ses petites feuilles à trois lobes d’un vert brillant et à ses fruits formés d’une double ailette membraneuse permettant la dispersion par le vent. Ce sujet a été planté en 1895. Inconnu,https://capgeo.sig.paris.fr/PdfEtImages/ArbresRemarquables/Photos2023/1/123330.jpg,France
025p,Érable sycomore,Acer pseudoplatanus,1,48.87870298813323, 2.306474175057195,Les érables appartiennent à la famille des Sapindacées. Le genre Acer comprend 120 espèces réparties en majorité dans les régions tempérées de l'hémisphère Nord. Donné par le naturaliste suédois Carl von Linné le nom de genre Acer signifie « dur » en latin et se rapporte aux propriétés du bois. L'érable est particulièrement mellifère : ses fleurs regorgent de nectar et de pollen qui attirent les abeilles en nombre. Clément Dorval / Ville de Paris,https://capgeo.sig.paris.fr/PdfEtImages/ArbresRemarquables/Photos2023/1/305507.jpg,Azerbaïdjan
026p,Figuier,Ficus carica,2,48.858282014145885, 2.3626526679895483,Le figuier est une essence originaire du Moyen-Orient et des bords de la Méditerranée appartenant à la famille des Moracées. Depuis l’origine des hommes les figuiers sont une source alimentaire et médicinale. C'est ainsi l’un des plus anciens fruitiers domestiqués. On retrouve sa trace en Mésopotamie et en Égypte antique. Ce grand figuier présente quatre troncs principaux boursouflés de manière originale. Il s'agit de rugosités sans incidence sur la santé de l'arbre. Clément Dorval / Ville de Paris,https://capgeo.sig.paris.fr/PdfEtImages/ArbresRemarquables/Photos2023/1/116020.jpg,Allemagne
027p,Frêne commun,Fraxinus excelsior,1,48.88193644668083, 2.3982637667416813,Le frêne commun est une essence indigène appartenant à la famille des Oléacées. Le développement de ce frêne est exceptionnel pour Paris et son élégance contribue à la beauté de ce site d’exception.Cette essence est reconnaissable à ses bourgeons noirs duveteux et à ses feuilles découpées en folioles de couleur vert foncé. Au bout de ses branches ses fruits allongés sont groupés en grappes souvent surnommées « langues d’oiseau ». La mythologie scandinave dédiait cet arbre à Odin roi des Cieux et lui accordait des pouvoirs surnaturels. Sonia Yassa / Ville de Paris,https://capgeo.sig.paris.fr/PdfEtImages/ArbresRemarquables/Photos2023/1/140495.jpg,Iran
028p,Grenadier commun,Punica granatum,1,48.8856415357491, 2.3438204500912323,Le grenadier commun est un arbre fruitier de la famille des Lythracées. Originaire d'Asie centrale il est cultivé depuis la Haute Antiquité pour ses fruits comestibles et les qualités ornementales de ses grandes fleurs. Sa tolérance à de nombreux sols et climats a permis une domestication dans plusieurs régions de son habitat spontané et à différentes époques par des agriculteurs néolithiques sédentaires. Il peut vivre jusqu'à 200 ans. Clément Dorval / Ville de Paris,https://capgeo.sig.paris.fr/PdfEtImages/ArbresRemarquables/Photos2023/1/125087.jpg,France
029p,Hêtre 'riversii',Fagus sylvatica 'Riversii',1,48.822604059870535, 2.3367012201599313,Le hêtre appartient à la famille des Fagacées. On admire les hêtres pour leur tronc sinueux couvert d'une douce écorce grise. Leur feuillage fin et brillant tremble sous le vent le plus léger et vire au brun-rouge en automne. C'est une essence forestière sensible à la qualité et la fraîcheur de la terre. Sur sol fertile il pousse très vite et peut atteindre 30 à 35 mètres de hauteur mais sa longévité est plus limitée que celle du chêne. Clément Dorval / Ville de Paris,https://capgeo.sig.paris.fr/PdfEtImages/ArbresRemarquables/Photos2023/1/113328.jpg,France
030p,Hêtre commun,Fagus sylvatica,2,48.86420036288687, 2.267960367030491,Le hêtre appartient à la famille des Fagacées. On admire les hêtres pour leur tronc sinueux couvert d'une douce écorce grise. Leur feuillage fin et brillant tremble sous le vent le plus léger et vire au brun-rouge en automne. C'est une essence forestière sensible à la qualité et la fraîcheur de la terre. Sur sol fertile il pousse très vite et peut atteindre 30 à 35 mètres de hauteur mais sa longévité est plus limitée que celle du chêne. Clément Dorval / Ville de Paris,https://capgeo.sig.paris.fr/PdfEtImages/ArbresRemarquables/Photos2023/1/201570.jpg,France
031p,Hêtre pleureur,Fagus sylvatica 'Pendula',3,48.87307572358429, 2.2485174288497247,Essence typique de la famille des Fagacées le hêtre est la deuxième essence de feuillus des forêts françaises après le chêne. Ces hêtres pleureurs confèrent au lieu un caractère romantique et procurent de l’ombre aux promeneurs. Sonia Yassa / Ville de Paris,https://capgeo.sig.paris.fr/PdfEtImages/ArbresRemarquables/Photos2023/1/108183.jpg,France
032p,Hêtre pourpre,Fagus sylvatica 'Atropunicea',2,48.8217706919343, 2.3229013014056803,Le hêtre appartient à la famille des Fagacées. On admire cette espèce pour son feuillage fin et léger à la robe pourpre foncé. Cette belle couleur contraste avec la douce écorce grise de son tronc. Le hêtre est une essence forestière sensible à la qualité et la fraîcheur de la terre. Sur sol fertile il pousse très vite et peut atteindre 30 à 35 mètres de hauteur mais sa longévité est plus limitée que celle du chêne. Clément Dorval / Ville de Paris,https://capgeo.sig.paris.fr/PdfEtImages/ArbresRemarquables/Photos2023/1/121632.jpg,France
033p,Hêtre tortueux,Fagus sylvatica 'Tortuosa',2,48.823345239668, 2.339683429513845,Le hêtre tortillard se caractérise par un port tortueux. Son tronc ses branches et ses rameaux tordus retombent évoquant la forme d’un parasol. Sa croissance est très lente et il ne dépasse pas 4 à 5 mètres de haut. En été son feuillage s’étale parfois jusqu’à former un véritable igloo végétal. Les faux de Verzy site touristique situé au sud de Reims regroupe la plus grande concentration mondiale de hêtres tortillards estimée à un millier d'individus. Clément Dorval / Ville de Paris,https://capgeo.sig.paris.fr/PdfEtImages/ArbresRemarquables/Photos2023/1/132669.jpg,France
034p,If commun,Taxus baccata,4,48.87093693583291, 2.2480344507355077,"L’if est une essence appartenant à la famille des Taxacées. Conifère à croissance extrêmement lente, sa longévité est exceptionnelle. Il peut vivre jusqu'à 2000 ans. Ses aiguilles sont souples et non piquantes. S’il contient une substance anti-cancéreuse (le taxol), l’if est pourtant toxique sur toutes ses parties. Ce sujet présente plusieurs troncs issus de marcottage naturel ; capacité qu'ont certaines plantes à se multiplier. Sonia Yassa / Ville de Paris",https://capgeo.sig.paris.fr/PdfEtImages/ArbresRemarquables/Photos2023/1/2002362.jpg,USA
035p,Magnolias à grandes fleurs,Magnolia grandiflora,6,48.847281171674815, 2.2519271322165757,Cette essence originaire du sud-est des États-Unis appartient à la famille des Magnoliacées. Les magnolias sont très appréciés pour leurs grandes fleurs blanches parfumées et abondantes ainsi que pour leur feuillage persistant vert et brillant. Romain Duflos / Ville de Paris,https://capgeo.sig.paris.fr/PdfEtImages/ArbresRemarquables/Photos2023/1/109016.jpg,Inde
036p,Margousier,Melia azedarach,1,48.85135747474973, 2.3251319038980833,Cette essence originaire des zones tropicales et subtropicales d’Asie appartient à la famille des Méliacées. La floraison de cette essence exotique est parfumée au printemps puis se transforme en belles grappes de fruits perlés persistant en hiver. Clément Dorval / Ville de Paris,https://capgeo.sig.paris.fr/PdfEtImages/ArbresRemarquables/Photos2023/1/118790.jpg,USA
037p,Marronnier de Virginie,Aesculus pavia,1,48.89410543041636, 2.326277977159145,"Originaire d’Asie Mineure et des Balkans, le marronnier appartient à la famille des Sapindacées. Ce marronnier présente un tronc et une architecture remarquables. Son nom scientifique est issu du grec « hippo », cheval, et « kastanon », châtaigne. Il rappelle que les marrons étaient donnés à manger aux équidés. Attention cependant, le marron est un fruit toxique ; contrairement au fruit du châtaignier avec lequel il est souvent confondu. Clément Dorval / Ville de Paris",https://capgeo.sig.paris.fr/PdfEtImages/ArbresRemarquables/Photos2023/1/134435.jpg,Inde
038p,Marronniers d'Inde,Aesculus hippocastanum,8,48.88011122661839, 2.38566687472895,Originaire du sud des États-Unis le pavier rouge est un petit arbre de la famille des Sapindacées fréquemment cultivé comme arbre d'ornement pour ses belles fleurs rouges. Le nom de « pavier » est la transposition en français du nom de genre Pavia forgé par le botaniste néerlandais Hermann Boerhave qui a dédié l'espèce à Pieter Pauw professeur de botanique à Leyde (Pays-Bas) dont le nom latinisé était Pavius. Romain Duflos / Ville de Paris,https://capgeo.sig.paris.fr/PdfEtImages/ArbresRemarquables/Photos2023/1/134203.jpg,Chine
039p,Métaséquoia,Metasequoia glyptostroboides,1,48.89393780726534, 2.3244386625077906,Le métaséquoia appartient à la famille des Cupressacées. Cet arbre figure souvent sur la liste des « arbres fossiles vivants » aux côtés du ginkgo (Ginkgo biloba). Il n’a quasiment pas évolué depuis des millions d’années.Cette essence est appréciée pour son port conique. Son feuillage « caduc » tombe en hiver une caractéristique assez rare chez les conifères. Romain Duflos / Ville de Paris,https://capgeo.sig.paris.fr/PdfEtImages/ArbresRemarquables/Photos2023/1/123071.jpg,Corée du Sud
040p,Micocoulier de Corée,Celtis koraiensis,1,48.84603981120142, 2.2540662827092532,Ce Celtis appartient à la famille des Cannabacées. Le micocoulier de Corée est originaire du nord de la Chine de Mandchourie et de Corée. C'est une espèce très rare en France. On l'apprécie pour ses qualités ornementales notamment au niveau de son port de la forme de son feuillage et de l'aspect de son écorce. Sonia Yassa / Ville de Paris,https://capgeo.sig.paris.fr/PdfEtImages/ArbresRemarquables/Photos2023/1/114452.jpg,France
041p,Micocoulier de Provence,Celtis australis,1,48.84264131753845, 2.296091104016332,Appartenant à la famille des Cannabacées le micocoulier aussi appelé « arbre aux feuilles d'ortie » se décline en 60 à 70 espèces d'arbres à feuilles caduques répandues dans des régions tempérées ou chaudes de l'hémisphère nord. Cette espèce baptisée « de Provence » est très fréquemment utilisée en alignements urbains ou dans les parcs du Midi de la France. Clément Dorval / Ville de Paris,https://capgeo.sig.paris.fr/PdfEtImages/ArbresRemarquables/Photos2023/1/112222.jpg,Chine
042p,Mûrier blanc,Morus alba,1,48.85786707488421, 2.3481193019963156,Le mûrier blanc est une essence originaire de Chine appartenant à la famille des Moracées. Indissociable de l’histoire de la soie ses feuilles sont consommées par le Bombyx mori ou ver à soie qui produit cette fine toile en fabriquant ses cocons. Baptisé « Laissons-les grandir ici » cet arbre fut planté par la Ville de Paris en 2008 pour soutenir l’action du Réseau éducation sans frontière qui milite contre l’éloignement des enfants étrangers scolarisés en France. Clément Dorval / Ville de Paris,https://capgeo.sig.paris.fr/PdfEtImages/ArbresRemarquables/Photos2023/1/123848.jpg,Chine
043p,Mûrier commun,Morus sp.,1,48.84128069137753, 2.344837586166943,En 1860 Louis Pasteur aurait fait planter ce Mûrier dans le cadre de ses études sur la biologie du ver à soie. Inconnu,https://capgeo.sig.paris.fr/PdfEtImages/ArbresRemarquables/Photos2023/1/178840.jpg,Turquie
044p,Noisetier de Byzance,Corylus colurna,6,48.86159461179353, 2.291036270818486,Le noisetier de Byzance est une essence originaire d’Europe de l’Est et d’Asie Mineure appartenant à la famille des Bétulacées. On reconnait l’espèce « de Byzance » à ses noisettes comestibles logées dans une enveloppe frangée qui font la joie des écureuils. Généralement cultivée en arbres d’ornement isolés cette essence s’adapte également aux conditions de vie des alignements urbains. Clément Dorval / Ville de Paris,https://capgeo.sig.paris.fr/PdfEtImages/ArbresRemarquables/Photos2023/1/116886.jpg,Chine
045p,Noyer de Chine,Pterocarya stenoptera,1,48.84714674672381, 2.2519835357695808,"Le noyer du Caucase est un arbre à feuilles caduques de la famille des Juglandacées originaire des vallées du Caucase et de l'Elbourz. Il a été introduit en France en 1784 et au Royaume-Uni en 1800. Depuis lors, il est beaucoup planté comme arbre d'ornement dans une grande partie de l'Europe. Le tronc est irrégulièrement cannelé avec une écorce très rugueuse formant des crêtes verticales sinueuses qui s'entrecroisent. Clément Dorval / Ville de Paris",https://capgeo.sig.paris.fr/PdfEtImages/ArbresRemarquables/Photos2023/1/136310.jpg,Iran
046p,Noyer du Caucase,Pterocarya fraxinifolia,6,48.863110850991035, 2.2618006494055565,"Le noyer du Caucase est un arbre à feuilles caduques de la famille des Juglandacées originaire des vallées du Caucase et de l'Elbourz. Il a été introduit en France en 1784 et au Royaume-Uni en 1800. Depuis lors, il est beaucoup planté comme arbre d'ornement dans une grande partie de l'Europe. Le tronc est irrégulièrement cannelé avec une écorce très rugueuse formant des crêtes verticales sinueuses qui s'entrecroisent. Clément Dorval / Ville de Paris ",https://capgeo.sig.paris.fr/PdfEtImages/ArbresRemarquables/Photos2023/1/323350.jpg,USA
047p,Noyer noir,Juglans nigra,1,48.83343581082583, 2.4127979326349194,"De la famille des Juglandacées, le noyer noir est un arbre forestier originaire de l’est et du centre de l’Amérique du Nord. Introduite en France en 1629, cette essence au bois très recherché produit des noix amères impropres à la consommation. Plantée au XIXe siècle, cette imposante cépée était à l’origine constituée de trois brins ; en témoigne l’importante plaie visible sur son tronc depuis la route. Jean-Pierre Viguié / Ville de Paris",https://capgeo.sig.paris.fr/PdfEtImages/ArbresRemarquables/Photos2023/1/2002367.jpg,USA
048p,Oranger des Osages,Maclura pomifera,1,48.88566917919937, 2.3447140639945374,Le Maclura est originaire d'Amérique du Nord et appartient à la famille des Moracées. Malgré son nom commun français il n'a aucun rapport avec les agrumes si ce n'est que son fruit ressemble à une orange verte qui en mûrissant  se colore d'un jaune très vif et dégage un subtil parfum citronné. Le nom commun vient des Indiens osages une tribu amérindienne qui occupait la zone où pousse cet arbre. Sonia Yassa / Ville de Paris,https://capgeo.sig.paris.fr/PdfEtImages/ArbresRemarquables/Photos2023/1/120530.jpg,Espagne
049p,Orme champêtre,Ulmus minor,1,48.855759637809996, 2.353991516603295,L'orme appartient à la famille des Ulmacées. Cet orme a été planté en 1935 sur la place Saint-Gervais où depuis le Moyen-Âge on se donnait rendez-vous pour solder ses dettes et régler les affaires. Jusqu’aux années soixante-dix cette essence était fréquente en ville. Depuis plusieurs décennies la maladie de la graphiose de l’orme éradique l’espèce commune. Pour maintenir l’orme à Paris les sujets malades sont remplacés par des variétés sélectionnées pour leur résistance. Jean-Pierre Viguié / Ville de Paris,https://capgeo.sig.paris.fr/PdfEtImages/ArbresRemarquables/Photos2023/1/267663.jpg,Turquie
050p,Orme du Caucase,Zelkova carpinifolia,4,48.872641757654996, 2.281364053188093,L’orme du Caucase est une essence appartenant à la famille des Ulmacées. À l'automne seules les nervures des feuilles virent au jaune donnant à l’arbre un aspect panaché. Ses fleurs formées de petits pompons rougeâtres et pourpres donnent des fruits de forme aplatie dénommés « samares ». À Paris l’orme est une essence historique plantée depuis le règne de François Ier pour délimiter les territoires et soutenir le bord des chaussées nouvelles. Sonia Yassa / Ville de Paris,https://capgeo.sig.paris.fr/PdfEtImages/ArbresRemarquables/Photos2023/1/132479.jpg,Pologne
051p,Orme pleureur,Ulmus glabra ‘Pendula’,1,48.852102027274, 2.350803868692218,L'orme appartient à la famille des Ulmacées. Le port pleureur de cet arbre est remarquable. Il est le résultat d’une soudure entre deux individus différents. Inconnu,https://capgeo.sig.paris.fr/PdfEtImages/ArbresRemarquables/Photos2023/1/125063.jpg,Chine
052p,Pin Napoléon,Pinus bungeana,1,48.82131243940147, 2.455898290583926,"Les pins appartiennent à la famille des Pinacées. Parmi les 111 espèces de pins connues, le pin Napoléon est l'une des plus belles. Ses aiguilles vert-foncé sont courtes et luisantes ; elles contrastent avec son écorce argentée. L'espèce vit très longtemps. Ce pin Napoléon, baptisé « aux neuf dragons » en raison de son tronc divisé en 9 branches, est âgé de 900 ans. Les spécimens les plus connus sont ceux de la cité interdite de Pékin. Clément Dorval / Ville de Paris",https://capgeo.sig.paris.fr/PdfEtImages/ArbresRemarquables/Photos2023/1/2002380.jpg,Slovénie
053p,Pin noir,Pinus nigra subsp. laricio,2,48.86300960058363, 2.241773747107387,"Appartenant à la « super-famille » des Pinacées, le pin noir regroupe plusieurs espèces que l’on trouve en Europe méridionale, en Asie Mineure, à Chypre et, localement, dans les montagnes de l'Atlas en Afrique du Nord. Ce grand arbre peut atteindre une taille de 20 à 55 mètres à maturité et fait preuve d’une grande longévité ; certains spécimens ont plus de 500 ans. Sonia Yassa / Ville de Paris",https://capgeo.sig.paris.fr/PdfEtImages/ArbresRemarquables/Photos2023/1/2002349.jpg,Maroc
054p,Pistachier térébinthe,Pistacia terebinthus,1,48.84590426389465, 2.2530267667948825,"Le Pistachier térébinthe appartient à la famille des Anacardiacées et pousse de manière commune dans le bassin méditerranéen. Fabriquée à l’origine avec sa sève, l'essence de térébenthine lui doit son nom. Cet arbre est un sujet femelle. En effet, cette variété est dite « dioïque » ; certains pieds ne portent que des fleurs femelles et d'autres que des fleurs mâles. Ce sujet présente des dimensions exceptionnelles pour une espèce arbustive traditionnellement plus modeste. Sonia Yassa / Ville de Paris",https://capgeo.sig.paris.fr/PdfEtImages/ArbresRemarquables/Photos2023/1/113571.jpg,Chine
055p,Plaqueminier,Diospyros kaki,1,48.85580495491174, 2.300302928952899,Originaire d’Asie le plaqueminier appartient à la famille des Ébénacées. Cette essence d’arbre fut découverte au Japon en 1870 et introduite en Europe en 1875. Elle reste aujourd’hui encore rare en France et cet individu est remarquable par sa taille. Ses fruits les kakis sont de grosses baies orange rappelant un peu la forme des tomates. La chair est juteuse légèrement fibreuse et sucrée à maturité. En Chine où l’on en recense plus de 2 000 variétés horticoles il est cultivé pour ses propriétés thérapeutiques. Sonia Yassa / Ville de Paris,https://capgeo.sig.paris.fr/PdfEtImages/ArbresRemarquables/Photos2023/1/106715.jpg,USA
056p,Plaqueminier de Virginie,Diospyros virginiana,1,48.83138289735175, 2.4114313653728985,Le plaqueminier de Virginie est une essence originaire du Caucase appartenant à la famille des Ebénacées. Son nom botanique « Diospyros » est dérivé du grecs « dios » et «puros» fruit probablement en raison de la délicieuse douceur et saveur de ses fruits. Sonia Yassa / Ville de Paris,https://capgeo.sig.paris.fr/PdfEtImages/ArbresRemarquables/Photos2023/1/2002360.jpg,Iran
058p,Plaqueminier lotier,Diospyros lotus,3,48.85579301773249, 2.300264322422256,"Le plaqueminier lotier est une essence originaire du Caucase appartenant à la famille des Ébénacées. Cet arbre tire son nom scientifique (Diospyros) du grec « dios », Dieu, et « puros », fruit ; probablement en raison de la taille imposante de ses fruits. Sonia Yassa / Ville de Paris",https://capgeo.sig.paris.fr/PdfEtImages/ArbresRemarquables/Photos2023/1/106714.jpg,Espagne
059p,Platane commun,Platanus x hispanica,39,48.832600635230804, 2.410534923538474,"Essence typique de la famille des Platanacées, le platane commun est un hybride entre les platanes d’Orient et d’Occident. Il se caractérise par une écorce marbrée et des feuilles palmées semblables à celles de l’érable plane. Le platane est une essence typique des travaux de plantation du Second Empire ; d'où sa prédominance dans les alignements qui bordaient alors les voies de Paris. Clément Dorval / Ville de Paris",https://capgeo.sig.paris.fr/PdfEtImages/ArbresRemarquables/Photos2023/1/298210.jpg,Turquie
060p,Platane d'Orient,Platanus orientalis,6,48.87858281831969, 2.307559794134397,Originaire d’Asie Mineure  le platane d’Orient appartient à la famille des Platanacées. Il se caractérise par une écorce épaisse et rugueuse qui s’accumule sur le tronc et les branches. Planté en 1814 ce maître des lieux est malheureusement atteint d'une maladie du bois qui ronge continuellement ses branches maîtresses qui se brisent inopinément. Afin de préserver le sujet sans risque un périmètre de protection a été installé. Frédéric Combeau / Ville de Paris,https://capgeo.sig.paris.fr/PdfEtImages/ArbresRemarquables/Photos2023/1/313940.jpg,Chypre
061p,Platane de Chypre,Platanus orientalis 'Digitata',1,48.8702223204405, 2.248197423011967,De la famille des Platanacées et originaire d’Asie Mineure le platane de Chypre est une variété du platane d'Orient aux feuilles digitées (en forme de main ouverte) composées de cinq lobes marqués donnant un ombrage léger. Cet arbre majestueux exprime de manière fidèle les qualités ornementales et esthétiques de l’essence. Cette espèce se caractérise notamment par une écorce épaisse et rugueuse qui s’accumule sur le tronc et les branches soulignant l’âge vénérable de ce sujet. Sonia Yassa / Ville de Paris,https://capgeo.sig.paris.fr/PdfEtImages/ArbresRemarquables/Photos2023/1/2002351.jpg,USA
062p,Robinier faux-acacia,Robinia pseudoacacia,1,48.852191438077774, 2.3472861856377225,Originaire des États-Unis le Robinier faux-acacia appartient à la famille des Fabacées. Introduit et planté en 1601 par Jean Robin auquel il doit son nom cet arbre est le plus vieux de Paris. L'arbre originel âgé de plus de 400 ans est devenu plusieurs arbres soudés au sein d’un tronc vestige et dont les racines aériennes se développent à l’intérieur du tronc d'origine. Les jeunes arbres issus de sa souche et de ses racines ont été conservés afin d’assurer son avenir. Jean-Pierre Viguié / Ville de Paris,https://capgeo.sig.paris.fr/PdfEtImages/ArbresRemarquables/Photos2023/1/124358.jpg,Chine
063p,Saule pleureur,Salix babylonica,2,48.85774901106895, 2.339403945743016,"Essence originaire de Chine, le saule appartient à la famille des Salicacées. Naturellement présent le long des cours d’eau, le saule apprécie l’humidité et s’accommode des crues et des inondations de ce lieu situé à 7 m en contrebas de l’Île de la Cité. Ce spécimen apparaît dans de nombreuses œuvres picturales depuis 1765. Son nom viendrait, pour certains, de ses longues branches-lianes pendantes ; pour d’autres, des gouttes de sève qui s’écoulent de ses feuilles en été. Clément Dorval / Ville de Paris",https://capgeo.sig.paris.fr/PdfEtImages/ArbresRemarquables/Photos2023/1/230281.jpg,Chine
064p,Savonnier,Koelreuteria paniculata,1,48.87354080359454, 2.290450184951525,Originaire du nord de la Chine et appartenant à la famille des Sapindacées ce savonnier déploie de nombreuses branches massives et imposantes. Très appréciée des abeilles sa floraison estivale se forme en longues pousses ramifiées jaune d'or. Ses fruits en capsules persistent sur l'arbre tout l'hiver et renferment des petites graines noires riches en saponine un principe actif qui servait autrefois à l'élaboration du savon. Clément Dorval / Ville de Paris,https://capgeo.sig.paris.fr/PdfEtImages/ArbresRemarquables/Photos2023/1/114869.jpg,USA
065p,Séquoia géant,Sequoiadendron giganteum,5,48.86697545705264, 2.319515215634701,"Le séquoia géant est une essence originaire d’Amérique du Nord. Il appartient à la famille des Cupressacées qui comprend les arbres les plus gros et les plus âgés sur Terre. C'est une plante pyrophile ; ses graines ont besoin du feu pour se disperser et germer. Son écorce, très fibreuse, peut atteindre plusieurs dizaines de centimètres d'épaisseur et est ignifuge ; protégeant du feu les tissus vivants. Clément Dorval / Ville de Paris",https://capgeo.sig.paris.fr/PdfEtImages/ArbresRemarquables/Photos2023/1/302514.jpg,USA
066p,Séquoia toujours vert,Sequoia sempervirens,2,48.82202510003852, 2.3362770386072533,Le séquoia est une essence originaire d’Amérique du Nord. Il appartient à la famille des Cupressacées qui comprend les arbres les plus gros et les plus âgés sur Terre. Clément Dorval / Ville de Paris,https://capgeo.sig.paris.fr/PdfEtImages/ArbresRemarquables/Photos2023/1/113353.jpg,Japon
067p,Sophora du Japon,Sophora japonica,2,48.881465865661504, 2.3836769185762616,Le Sophora appartient à la famille des Fabacées. Cet arbre déploie un port majestueux large et arrondi. Robuste vigoureux et de croissance rapide il peut mesurer jusqu'à 25 m de hauteur. Ses grandes feuilles finement découpées sont légères et offrent une belle ombre tamisée. Sa floraison estivale blanc-crème parfumée est très appréciée des insectes pollinisateurs et donne de longues gousses charnues contenant des graines toxiques. Sonia Yassa / Ville de Paris,https://capgeo.sig.paris.fr/PdfEtImages/ArbresRemarquables/Photos2023/1/120761.jpg,France
068p,Tamaris de France,Tamarix gallica,1,48.85235484734731, 2.3518099200412093,Le tamaris est une essence originaire du bassin méditerranéen appartenant à la famille des Tamaricacées. Celui-ci est remarquable pour son port : un réseau de branches entremêlées comme tressées par le temps. On identifie l’essence à ses petites feuilles écailleuses et à sa floraison rose en été. Son emplacement caractéristique derrière la cathédrale Notre-Dame de Paris évoque les jardins monastiques où sont cultivées les plantes aux vertus thérapeutiques. Mathieu Bedel / Ville de Paris,https://capgeo.sig.paris.fr/PdfEtImages/ArbresRemarquables/Photos2023/1/125051.jpg,Hongrie
069p,Tilleul argenté,Tilia tomentosa,1,48.88302932605956, 2.3700627971907866,Originaire d’Asie Mineure et du sud-est de l’Europe le tilleul argenté appartient à la famille des Malvacées. L’ancien rond-point de la Villette est renommé « place de la Bataille de Stalingrad » en 1945. Le 4 novembre de la même année est planté ce tilleul en mémoire de la victoire des Alliés et de la libération de Paris. Symbole de liberté depuis la Révolution française le tilleul devient au cours du XIXe siècle  un des symboles de la République française. Mathieu Bedel / Ville de Paris,https://capgeo.sig.paris.fr/PdfEtImages/ArbresRemarquables/Photos2023/1/235972.jpg,France
070p,Tulipier de Virginie,Liriodendron tulipifera,4,48.83198939877914, 2.4119924411807285,"Originaire des États-Unis, cette essence appartient à la famille des Magnoliacées. Le tulipier est très apprécié pour sa croissance rapide et son bois aux usages multiples. C'est un proche cousin du genre Magnolia dont il se distingue par ses fruits ailés dénommés « samares ». Son nom botanique signifie « arbre-lys porteur de tulipes » ; ses jolies fleurs orangées ont en effet une vague ressemblance avec lesdites tulipes. Clément Dorval / Ville de Paris",https://capgeo.sig.paris.fr/PdfEtImages/ArbresRemarquables/Photos2023/1/2002361.jpg,
001c,Chine,Coordonnées de Pékin,13,39.9075000 ,116.3972300 ,,,
002c,Corse,Coordonnées d’Ajaccio,1,41.9272300 ,8.7346200 ,,,
003c,USA,Coordonnées de New York,13,40.7142700 ,-74.0059700 ,,,
004c,Liban,Coordonnées de Beyrouth,2,33.8889400 ,35.4944200 ,,,
005c,Turquie,Coordonnées d’Ankara,4,39.9198700 ,32.8542700 ,,,
006c,Hongrie,Coordonnées de Budapest,2,47.4980100 ,19.0399100 ,,,
007c,Portugal,Coordonnées de Lisbonne,1,38.7166700 ,-9.1333300 ,,,
008c,France,Coordonnées de Lyon,13,45.7484600 ,4.8467100 ,,,
009c,Canada,Coordonnées d’Ottawa,1,45.4111700 ,-75.6981200 ,,,
010c,Japon,Coordonnées de Tokyo,2,35.6895000 ,139.6917100 ,,,
011c,Chili,Coordonnées de Santiago du Chili,1,-33.4569400 ,-70.6482700 ,,,
012c,Italie,Coordonnées de Rome,1,41.8919300 ,12.5113300 ,,,
013c,Géorgie,Coordonnées de Tbilissi,1,41.6941100 ,44.8336800 ,,,
014c,Azerbaïdjan,Coordonnées de Bakou,1,40.3776700 ,49.8920100 ,,,
015c,Allemagne,Coordonnées de Berlin,1,52.5243700 ,13.4105300 ,,,
016c,Iran,Coordonnées de Téhéran,3,35.6943900 ,51.4215100 ,,,
017c,Inde,Coordonnées de New Delhi,2,28.6357600 ,77.2244500 ,,,
018c,Corée du Sud,Coordonnées de Séoul,1,37.5660000 ,126.9784000 ,,,
019c,Espagne,Coordonnées de Madrid,2,40.4165000 ,-3.7025600 ,,,
020c,Pologne,Coordonnées de Varsovie,1,52.2297700 ,21.0117800 ,,,
021c,Slovénie,Coordonnées de Ljubljana,1,46.0510800 ,14.5051300 ,,,
022c,Maroc,Coordonnées de Rabat,1,34.0132500 ,-6.8325500 ,,,
023c,Chypre,Coordonnées de Nicosie,1,35.1753100 ,33.3642000 ,,,
